"curveID","param","param_value","PARi","assim"
"Phi_0.05","Phi",0.05,0,-1
"Phi_0.05","Phi",0.05,10,-0.502638412223448
"Phi_0.05","Phi",0.05,20,-0.0105802337352497
"Phi_0.05","Phi",0.05,30,0.476136384172311
"Phi_0.05","Phi",0.05,40,0.95747566466642
"Phi_0.05","Phi",0.05,50,1.43340429314408
"Phi_0.05","Phi",0.05,60,1.90389150016695
"Phi_0.05","Phi",0.05,70,2.36890913909618
"Phi_0.05","Phi",0.05,80,2.8284317579839
"Phi_0.05","Phi",0.05,90,3.28243666530358
"Phi_0.05","Phi",0.05,100,3.73090398913079
"Phi_0.05","Phi",0.05,150,5.88968468144756
"Phi_0.05","Phi",0.05,200,7.90873648970395
"Phi_0.05","Phi",0.05,250,9.78892044895767
"Phi_0.05","Phi",0.05,300,11.5329118398295
"Phi_0.05","Phi",0.05,350,13.1450289415071
"Phi_0.05","Phi",0.05,400,14.6309718827524
"Phi_0.05","Phi",0.05,500,17.2521290199425
"Phi_0.05","Phi",0.05,600,19.457398362666
"Phi_0.05","Phi",0.05,800,22.8701244024898
"Phi_0.05","Phi",0.05,1000,25.3108800677804
"Phi_0.05","Phi",0.05,1250,27.4713498114628
"Phi_0.05","Phi",0.05,1500,29
"Phi_0.05","Phi",0.05,1800,30.3156362969512
"Phi_0.06","Phi",0.06,0,-1
"Phi_0.06","Phi",0.06,10,-0.403801249479974
"Phi_0.06","Phi",0.06,20,0.184749458353078
"Phi_0.06","Phi",0.06,30,0.76558742123662
"Phi_0.06","Phi",0.06,40,1.33865293383572
"Phi_0.06","Phi",0.06,50,1.90389150016696
"Phi_0.06","Phi",0.06,60,2.4612540307508
"Phi_0.06","Phi",0.06,70,3.0106970228818
"Phi_0.06","Phi",0.06,80,3.55218272251116
"Phi_0.06","Phi",0.06,90,4.08567926636393
"Phi_0.06","Phi",0.06,100,4.61116080306103
"Phi_0.06","Phi",0.06,150,7.11786994637849
"Phi_0.06","Phi",0.06,200,9.42388972364973
"Phi_0.06","Phi",0.06,250,11.5329118398295
"Phi_0.06","Phi",0.06,300,13.4521081910678
"Phi_0.06","Phi",0.06,350,15.1915076661234
"Phi_0.06","Phi",0.06,400,16.7632089603435
"Phi_0.06","Phi",0.06,500,19.457398362666
"Phi_0.06","Phi",0.06,600,21.6438812999379
"Phi_0.06","Phi",0.06,800,24.8833606358533
"Phi_0.06","Phi",0.06,1000,27.099471066706
"Phi_0.06","Phi",0.06,1250,29
"Phi_0.06","Phi",0.06,1500,30.3156362969512
"Phi_0.06","Phi",0.06,1800,31.4322687151044
"Phi_0.07","Phi",0.07,0,-1
"Phi_0.07","Phi",0.07,10,-0.30517654310726
"Phi_0.07","Phi",0.07,20,0.37922213763888
"Phi_0.07","Phi",0.07,30,1.05309526430384
"Phi_0.07","Phi",0.07,40,1.71635144893316
"Phi_0.07","Phi",0.07,50,2.36890913909618
"Phi_0.07","Phi",0.07,60,3.01069702288179
"Phi_0.07","Phi",0.07,70,3.64165438878714
"Phi_0.07","Phi",0.07,80,4.2617314363528
"Phi_0.07","Phi",0.07,90,4.8708895338942
"Phi_0.07","Phi",0.07,100,5.46910142025103
"Phi_0.07","Phi",0.07,150,8.29582245503827
"Phi_0.07","Phi",0.07,200,10.8514161250198
"Phi_0.07","Phi",0.07,250,13.1450289415071
"Phi_0.07","Phi",0.07,300,15.1915076661234
"Phi_0.07","Phi",0.07,350,17.009781354644
"Phi_0.07","Phi",0.07,400,18.6210985661416
"Phi_0.07","Phi",0.07,500,21.3102522289126
"Phi_0.07","Phi",0.07,600,23.4239815668243
"Phi_0.07","Phi",0.07,800,26.4467492030889
"Phi_0.07","Phi",0.07,1000,28.4469929180502
"Phi_0.07","Phi",0.07,1250,30.1258153760511
"Phi_0.07","Phi",0.07,1500,31.2719346949042
"Phi_0.07","Phi",0.07,1800,32.2366044130947
"Phi_0.08","Phi",0.08,0,-1
"Phi_0.08","Phi",0.08,10,-0.206764602116676
"Phi_0.08","Phi",0.08,20,0.572835529328031
"Phi_0.08","Phi",0.08,30,1.33865293383572
"Phi_0.08","Phi",0.08,40,2.09055639031639
"Phi_0.08","Phi",0.08,50,2.8284317579839
"Phi_0.08","Phi",0.08,60,3.55218272251116
"Phi_0.08","Phi",0.08,70,4.2617314363528
"Phi_0.08","Phi",0.08,80,4.95701904348317
"Phi_0.08","Phi",0.08,90,5.63800608039937
"Phi_0.08","Phi",0.08,100,6.30467274706603
"Phi_0.08","Phi",0.08,150,9.42388972364973
"Phi_0.08","Phi",0.08,200,12.1932921120927
"Phi_0.08","Phi",0.08,250,14.6309718827524
"Phi_0.08","Phi",0.08,300,16.7632089603435
"Phi_0.08","Phi",0.08,350,18.6210985661416
"Phi_0.08","Phi",0.08,400,20.2373617041778
"Phi_0.08","Phi",0.08,500,22.8701244024898
"Phi_0.08","Phi",0.08,600,24.8833606358533
"Phi_0.08","Phi",0.08,800,27.6824479698676
"Phi_0.08","Phi",0.08,1000,29.4895585431746
"Phi_0.08","Phi",0.08,1250,30.9839372972515
"Phi_0.08","Phi",0.08,1500,31.9949325625621
"Phi_0.08","Phi",0.08,1800,32.8414665701772
"Phi_0.09","Phi",0.09,0,-1
"Phi_0.09","Phi",0.09,10,-0.108565731807067
"Phi_0.09","Phi",0.09,20,0.76558742123662
"Phi_0.09","Phi",0.09,30,1.622253782291
"Phi_0.09","Phi",0.09,40,2.4612540307508
"Phi_0.09","Phi",0.09,50,3.28243666530358
"Phi_0.09","Phi",0.09,60,4.08567926636392
"Phi_0.09","Phi",0.09,70,4.8708895338942
"Phi_0.09","Phi",0.09,80,5.63800608039937
"Phi_0.09","Phi",0.09,90,6.38699896335766
"Phi_0.09","Phi",0.09,100,7.11786994637849
"Phi_0.09","Phi",0.09,150,10.5026526318799
"Phi_0.09","Phi",0.09,200,13.4521081910678
"Phi_0.09","Phi",0.09,250,15.9975063274574
"Phi_0.09","Phi",0.09,300,18.1805583123816
"Phi_0.09","Phi",0.09,350,20.0474345377251
"Phi_0.09","Phi",0.09,400,21.6438812999379
"Phi_0.09","Phi",0.09,500,24.1890839934708
"Phi_0.09","Phi",0.09,600,26.0906868197915
"Phi_0.09","Phi",0.09,800,28.6765240811089
"Phi_0.09","Phi",0.09,1000,30.3156362969512
"Phi_0.09","Phi",0.09,1250,31.6570834540531
"Phi_0.09","Phi",0.09,1500,32.5591272411023
"Phi_0.09","Phi",0.09,1800,33.3119244857468
"Phi_0.1","Phi",0.1,0,-1
"Phi_0.1","Phi",0.1,10,-0.0105802337352497
"Phi_0.1","Phi",0.1,20,0.95747566466642
"Phi_0.1","Phi",0.1,30,1.90389150016695
"Phi_0.1","Phi",0.1,40,2.8284317579839
"Phi_0.1","Phi",0.1,50,3.73090398913079
"Phi_0.1","Phi",0.1,60,4.61116080306103
"Phi_0.1","Phi",0.1,70,5.46910142025103
"Phi_0.1","Phi",0.1,80,6.30467274706603
"Phi_0.1","Phi",0.1,90,7.11786994637849
"Phi_0.1","Phi",0.1,100,7.90873648970395
"Phi_0.1","Phi",0.1,150,11.5329118398295
"Phi_0.1","Phi",0.1,200,14.6309718827524
"Phi_0.1","Phi",0.1,250,17.2521290199425
"Phi_0.1","Phi",0.1,300,19.457398362666
"Phi_0.1","Phi",0.1,350,21.3102522289126
"Phi_0.1","Phi",0.1,400,22.8701244024898
"Phi_0.1","Phi",0.1,500,25.3108800677804
"Phi_0.1","Phi",0.1,600,27.099471066706
"Phi_0.1","Phi",0.1,800,29.4895585431746
"Phi_0.1","Phi",0.1,1000,30.9839372972515
"Phi_0.1","Phi",0.1,1250,32.1979214241011
"Phi_0.1","Phi",0.1,1500,33.0108700468393
"Phi_0.1","Phi",0.1,1800,33.6878322115732
"theta_0.2","theta",0.2,0,-1
"theta_0.2","theta",0.2,10,-0.116812233257985
"theta_0.2","theta",0.2,20,0.733697011700404
"theta_0.2","theta",0.2,30,1.5529108289966
"theta_0.2","theta",0.2,40,2.34216374270705
"theta_0.2","theta",0.2,50,3.10274110383577
"theta_0.2","theta",0.2,60,3.83587891657017
"theta_0.2","theta",0.2,70,4.54276403212562
"theta_0.2","theta",0.2,80,5.22453465332029
"theta_0.2","theta",0.2,90,5.88228109810561
"theta_0.2","theta",0.2,100,6.51704677542069
"theta_0.2","theta",0.2,150,9.3795539418728
"theta_0.2","theta",0.2,200,11.7993710707372
"theta_0.2","theta",0.2,250,13.86245474751
"theta_0.2","theta",0.2,300,15.6361936599761
"theta_0.2","theta",0.2,350,17.173451317366
"theta_0.2","theta",0.2,400,18.5158617873
"theta_0.2","theta",0.2,500,20.7414201174008
"theta_0.2","theta",0.2,600,22.5054480137551
"theta_0.2","theta",0.2,800,25.1124752021508
"theta_0.2","theta",0.2,1000,26.9383626697953
"theta_0.2","theta",0.2,1250,28.5670576737298
"theta_0.2","theta",0.2,1500,29.7460330002951
"theta_0.2","theta",0.2,1800,30.790645116952
"theta_0.3","theta",0.3,0,-1
"theta_0.3","theta",0.3,10,-0.114779313648758
"theta_0.3","theta",0.3,20,0.741452178569685
"theta_0.3","theta",0.3,30,1.56955232800763
"theta_0.3","theta",0.3,40,2.37038076819181
"theta_0.3","theta",0.3,50,3.14479525435674
"theta_0.3","theta",0.3,60,3.89364834659047
"theta_0.3","theta",0.3,70,4.61778443785708
"theta_0.3","theta",0.3,80,5.31803712219539
"theta_0.3","theta",0.3,90,5.99522689343112
"theta_0.3","theta",0.3,100,6.65015916075453
"theta_0.3","theta",0.3,150,9.6179019969971
"theta_0.3","theta",0.3,200,12.1391246202903
"theta_0.3","theta",0.3,250,14.2917579964767
"theta_0.3","theta",0.3,300,16.1406191994119
"theta_0.3","theta",0.3,350,17.7387345591939
"theta_0.3","theta",0.3,400,19.1291129200619
"theta_0.3","theta",0.3,500,21.4190930040661
"theta_0.3","theta",0.3,600,23.2166763478339
"theta_0.3","theta",0.3,800,25.8369719982815
"theta_0.3","theta",0.3,1000,27.6413976373991
"theta_0.3","theta",0.3,1250,29.2265312824647
"theta_0.3","theta",0.3,1500,30.3584102160939
"theta_0.3","theta",0.3,1800,31.3497605073216
"theta_0.4","theta",0.4,0,-1
"theta_0.4","theta",0.4,10,-0.112727480473968
"theta_0.4","theta",0.4,20,0.749348962748432
"theta_0.4","theta",0.4,30,1.5866408955533
"theta_0.4","theta",0.4,40,2.39958847910853
"theta_0.4","theta",0.4,50,3.18865742109449
"theta_0.4","theta",0.4,60,3.95433589046598
"theta_0.4","theta",0.4,70,4.69713143662462
"theta_0.4","theta",0.4,80,5.41756795042797
"theta_0.4","theta",0.4,90,6.11618270044329
"theta_0.4","theta",0.4,100,6.79352347345825
"theta_0.4","theta",0.4,150,9.88069539661254
"theta_0.4","theta",0.4,200,12.5199150142282
"theta_0.4","theta",0.4,250,14.7781903523672
"theta_0.4","theta",0.4,300,16.7160523814237
"theta_0.4","theta",0.4,350,18.3859962660583
"theta_0.4","theta",0.4,400,19.832364347636
"theta_0.4","theta",0.4,500,22.1952825714099
"theta_0.4","theta",0.4,600,24.0277820657954
"theta_0.4","theta",0.4,800,26.6535162146735
"theta_0.4","theta",0.4,1000,28.424351427994
"theta_0.4","theta",0.4,1250,29.9514792498431
"theta_0.4","theta",0.4,1500,31.0244249567938
"theta_0.4","theta",0.4,1800,31.9516182967493
"theta_0.5","theta",0.5,0,-1
"theta_0.5","theta",0.5,10,-0.110656400541146
"theta_0.5","theta",0.5,20,0.757392308097494
"theta_0.5","theta",0.5,30,1.60419970652933
"theta_0.5","theta",0.5,40,2.42985459812866
"theta_0.5","theta",0.5,50,3.23448027270504
"theta_0.5","theta",0.5,60,4.01823349557762
"theta_0.5","theta",0.5,70,4.78130324115313
"theta_0.5","theta",0.5,80,5.523909194439
"theta_0.5","theta",0.5,90,6.24630004748582
"theta_0.5","theta",0.5,100,6.94875162046673
"theta_0.5","theta",0.5,150,10.1732098971416
"theta_0.5","theta",0.5,200,12.9524079167427
"theta_0.5","theta",0.5,250,15.3383650664969
"theta_0.5","theta",0.5,300,17.3845519167733
"theta_0.5","theta",0.5,350,19.1416167201558
"theta_0.5","theta",0.5,400,20.6549906867904
"theta_0.5","theta",0.5,500,23.1017827094911
"theta_0.5","theta",0.5,600,24.9697039231233
"theta_0.5","theta",0.5,800,27.5874702518095
"theta_0.5","theta",0.5,1000,29.3066020654415
"theta_0.5","theta",0.5,1250,30.7555264443856
"theta_0.5","theta",0.5,1500,31.7537879299409
"theta_0.5","theta",0.5,1800,32.6028846403881
"theta_0.6","theta",0.6,0,-1
"theta_0.6","theta",0.6,10,-0.108565731807067
"theta_0.6","theta",0.6,20,0.76558742123662
"theta_0.6","theta",0.6,30,1.622253782291
"theta_0.6","theta",0.6,40,2.4612540307508
"theta_0.6","theta",0.6,50,3.28243666530358
"theta_0.6","theta",0.6,60,4.08567926636392
"theta_0.6","theta",0.6,70,4.8708895338942
"theta_0.6","theta",0.6,80,5.63800608039937
"theta_0.6","theta",0.6,90,6.38699896335766
"theta_0.6","theta",0.6,100,7.11786994637849
"theta_0.6","theta",0.6,150,10.5026526318799
"theta_0.6","theta",0.6,200,13.4521081910678
"theta_0.6","theta",0.6,250,15.9975063274574
"theta_0.6","theta",0.6,300,18.1805583123816
"theta_0.6","theta",0.6,350,20.0474345377251
"theta_0.6","theta",0.6,400,21.6438812999379
"theta_0.6","theta",0.6,500,24.1890839934708
"theta_0.6","theta",0.6,600,26.0906868197915
"theta_0.6","theta",0.6,800,28.6765240811089
"theta_0.6","theta",0.6,1000,30.3156362969512
"theta_0.6","theta",0.6,1250,31.6570834540531
"theta_0.6","theta",0.6,1500,32.5591272411023
"theta_0.6","theta",0.6,1800,33.3119244857468
"theta_0.7","theta",0.7,0,-1
"theta_0.7","theta",0.7,10,-0.106455123059785
"theta_0.7","theta",0.7,20,0.773939790615857
"theta_0.7","theta",0.7,30,1.64083019355894
"theta_0.7","theta",0.7,40,2.49386992655205
"theta_0.7","theta",0.7,50,3.33272339842552
"theta_0.7","theta",0.7,60,4.15706783553494
"theta_0.7","theta",0.7,70,4.96659557378784
"theta_0.7","theta",0.7,80,5.76101636229837
"theta_0.7","theta",0.7,90,6.54005964445449
"theta_0.7","theta",0.7,100,7.30347677958161
"theta_0.7","theta",0.7,150,10.8792566360793
"theta_0.7","theta",0.7,200,14.0428939406601
"theta_0.7","theta",0.7,250,16.7968523590599
"theta_0.7","theta",0.7,300,19.1626627410032
"theta_0.7","theta",0.7,350,21.1762726208216
"theta_0.7","theta",0.7,400,22.8814317056509
"theta_0.7","theta",0.7,500,25.5452381818119
"theta_0.7","theta",0.7,600,27.472658796142
"theta_0.7","theta",0.7,800,29.980484483465
"theta_0.7","theta",0.7,1000,31.492424729325
"theta_0.7","theta",0.7,1250,32.681932138147
"theta_0.7","theta",0.7,1500,33.457307745309
"theta_0.7","theta",0.7,1800,34.0894410582253
"theta_0.8","theta",0.8,0,-1
"theta_0.8","theta",0.8,10,-0.104324213586263
"theta_0.8","theta",0.8,20,0.782455207361835
"theta_0.8","theta",0.8,30,1.65995829221248
"theta_0.8","theta",0.8,40,2.52779494575577
"theta_0.8","theta",0.8,50,3.38556589607121
"theta_0.8","theta",0.8,60,4.23286385479937
"theta_0.8","theta",0.8,70,5.06927490518706
"theta_0.8","theta",0.8,80,5.89438013074779
"theta_0.8","theta",0.8,90,6.70775749387119
"theta_0.8","theta",0.8,100,7.50898396914255
"theta_0.8","theta",0.8,150,11.3182988019146
"theta_0.8","theta",0.8,200,14.7646159383287
"theta_0.8","theta",0.8,250,17.8115748580497
"theta_0.8","theta",0.8,300,20.4445249016089
"theta_0.8","theta",0.8,350,22.6747469971919
"theta_0.8","theta",0.8,400,24.5361761135226
"theta_0.8","theta",0.8,500,27.3480872191016
"theta_0.8","theta",0.8,600,29.274093219876
"theta_0.8","theta",0.8,800,31.603596306133
"theta_0.8","theta",0.8,1000,32.9022777135356
"theta_0.8","theta",0.8,1250,33.867872657225
"theta_0.8","theta",0.8,1500,34.4716062389375
"theta_0.8","theta",0.8,1800,34.9494525564273
"theta_0.9","theta",0.9,0,-1
"theta_0.9","theta",0.9,10,-0.102172632824568
"theta_0.9","theta",0.9,20,0.791139788102281
"theta_0.9","theta",0.9,30,1.67966997708841
"theta_0.9","theta",0.9,40,2.56313278111178
"theta_0.9","theta",0.9,50,3.44122410306553
"theta_0.9","theta",0.9,60,4.31361981539972
"theta_0.9","theta",0.9,70,5.17997468050932
"theta_0.9","theta",0.9,80,6.03992129874491
"theta_0.9","theta",0.9,90,6.89306911021047
"theta_0.9","theta",0.9,100,7.73900348259378
"theta_0.9","theta",0.9,150,11.844193878743
"theta_0.9","theta",0.9,200,15.6923304911037
"theta_0.9","theta",0.9,250,19.2056349866515
"theta_0.9","theta",0.9,300,22.3043806275329
"theta_0.9","theta",0.9,350,24.9297112974246
"theta_0.9","theta",0.9,400,27.0679728081518
"theta_0.9","theta",0.9,500,30.0700151436879
"theta_0.9","theta",0.9,600,31.8807606204501
"theta_0.9","theta",0.9,800,33.7564549525769
"theta_0.9","theta",0.9,1000,34.6598752587915
"theta_0.9","theta",0.9,1250,35.2738329760666
"theta_0.9","theta",0.9,1500,35.6355221773952
"theta_0.9","theta",0.9,1800,35.9108482251504
"Asat_10","Asat",10,0,-1
"Asat_10","Asat",10,10,-0.132927643804897
"Asat_10","Asat",10,20,0.666666666666667
"Asat_10","Asat",10,30,1.39755637299264
"Asat_10","Asat",10,40,2.06021756933943
"Asat_10","Asat",10,50,2.65677149326805
"Asat_10","Asat",10,60,3.19073855835722
"Asat_10","Asat",10,70,3.66666666666667
"Asat_10","Asat",10,80,4.0897169174253
"Asat_10","Asat",10,90,4.46528028479776
"Asat_10","Asat",10,100,4.79867118433975
"Asat_10","Asat",10,150,5.99337922521823
"Asat_10","Asat",10,200,6.6986141339219
"Asat_10","Asat",10,250,7.1490537208304
"Asat_10","Asat",10,300,7.45713069650408
"Asat_10","Asat",10,350,7.67953159605075
"Asat_10","Asat",10,400,7.84698997840978
"Asat_10","Asat",10,500,8.08153821466676
"Asat_10","Asat",10,600,8.23747814892349
"Asat_10","Asat",10,800,8.43134317642569
"Asat_10","Asat",10,1000,8.54685459607115
"Asat_10","Asat",10,1250,8.63871778194254
"Asat_10","Asat",10,1500,8.6996550695215
"Asat_10","Asat",10,1800,8.75023393657414
"Asat_12","Asat",12,0,-1
"Asat_12","Asat",12,10,-0.127373132569206
"Asat_12","Asat",12,20,0.689291564825708
"Asat_12","Asat",12,30,1.44885210804367
"Asat_12","Asat",12,40,2.1511421982039
"Asat_12","Asat",12,50,2.79698538130281
"Asat_12","Asat",12,60,3.38812579192166
"Asat_12","Asat",12,70,3.92708858896871
"Asat_12","Asat",12,80,4.41699475574164
"Asat_12","Asat",12,90,4.86135912980872
"Asat_12","Asat",12,100,5.26389747287788
"Asat_12","Asat",12,150,6.77548702178813
"Asat_12","Asat",12,200,7.72117940390029
"Asat_12","Asat",12,250,8.34478162967497
"Asat_12","Asat",12,300,8.77886446499647
"Asat_12","Asat",12,350,9.09541149243598
"Asat_12","Asat",12,400,9.33520605161735
"Asat_12","Asat",12,500,9.67270034335941
"Asat_12","Asat",12,600,9.89784585760011
"Asat_12","Asat",12,800,10.178235320589
"Asat_12","Asat",12,1000,10.3454006867188
"Asat_12","Asat",12,1250,10.4783223301971
"Asat_12","Asat",12,1500,10.566461338331
"Asat_12","Asat",12,1800,10.6395860834258
"Asat_14","Asat",14,0,-1
"Asat_14","Asat",14,10,-0.123420469534304
"Asat_14","Asat",14,20,0.705379168697204
"Asat_14","Asat",14,30,1.48541078154577
"Asat_14","Asat",14,40,2.21629064178822
"Asat_14","Asat",14,50,2.89826351730993
"Asat_14","Asat",14,60,3.53218725798184
"Asat_14","Asat",14,70,4.11948009057527
"Asat_14","Asat",14,80,4.66203792975393
"Asat_14","Asat",14,90,5.16213235845605
"Asat_14","Asat",14,100,5.62230095487753
"Asat_14","Asat",14,150,7.41930100558496
"Asat_14","Asat",14,200,8.60468814390703
"Asat_14","Asat",14,250,9.41232685973699
"Asat_14","Asat",14,300,9.98561597626199
"Asat_14","Asat",14,350,10.4086752091626
"Asat_14","Asat",14,400,10.731551649164
"Asat_14","Asat",14,500,11.1888204461103
"Asat_14","Asat",14,600,11.4952832707268
"Asat_14","Asat",14,800,11.877967828275
"Asat_14","Asat",14,1000,12.1064116976203
"Asat_14","Asat",14,1250,12.288095576526
"Asat_14","Asat",14,1500,12.4085468238709
"Asat_14","Asat",14,1800,12.5084483280635
"Asat_16","Asat",16,0,-1
"Asat_16","Asat",16,10,-0.120464520987892
"Asat_16","Asat",16,20,0.717397309633852
"Asat_16","Asat",16,30,1.51274506127083
"Asat_16","Asat",16,40,2.26513614405823
"Asat_16","Asat",16,50,2.97454705169086
"Asat_16","Asat",16,60,3.64137450313007
"Asat_16","Asat",16,70,4.26641635612807
"Asat_16","Asat",16,80,4.85083438922888
"Asat_16","Asat",16,90,5.39610286921906
"Asat_16","Asat",16,100,5.90394792773206
"Asat_16","Asat",16,150,7.95194575008348
"Asat_16","Asat",16,200,9.36731602905084
"Asat_16","Asat",16,250,10.3628054014061
"Asat_16","Asat",16,300,11.0840643387353
"Asat_16","Asat",16,350,11.62335785527
"Asat_16","Asat",16,400,12.0384859533286
"Asat_16","Asat",16,500,12.6308095240838
"Asat_16","Asat",16,600,13.030085396215
"Asat_16","Asat",16,800,13.5304611434668
"Asat_16","Asat",16,1000,13.8297430960002
"Asat_16","Asat",16,1250,14.0678983358408
"Asat_16","Asat",16,1500,14.2257939077689
"Asat_16","Asat",16,1800,14.3567272036168
"Asat_18","Asat",18,0,-1
"Asat_18","Asat",18,10,-0.118170701199257
"Asat_18","Asat",18,20,0.726713297305844
"Asat_18","Asat",18,30,1.53393734723856
"Asat_18","Asat",18,40,2.30306154330093
"Asat_18","Asat",18,50,3.03393734723856
"Asat_18","Asat",18,60,3.72671329730584
"Asat_18","Asat",18,70,4.38182929880074
"Asat_18","Asat",18,80,5
"Asat_18","Asat",18,90,5.58218868788249
"Asat_18","Asat",18,100,6.1295738510606
"Asat_18","Asat",18,150,8.39584620931683
"Asat_18","Asat",18,200,10.0263340389897
"Asat_18","Asat",18,250,11.2078900754824
"Asat_18","Asat",18,300,12.0817691058504
"Asat_18","Asat",18,350,12.7443187686616
"Asat_18","Asat",18,400,13.2591477021212
"Asat_18","Asat",18,500,14
"Asat_18","Asat",18,600,14.502809077426
"Asat_18","Asat",18,800,15.1357493889542
"Asat_18","Asat",18,1000,15.5153077165047
"Asat_18","Asat",18,1250,15.8176199590155
"Asat_18","Asat",18,1500,16.0181010300782
"Asat_18","Asat",18,1800,16.1843382729281
"Asat_20","Asat",20,0,-1
"Asat_20","Asat",20,10,-0.116339042452827
"Asat_20","Asat",20,20,0.734144712390207
"Asat_20","Asat",20,30,1.55084014376298
"Asat_20","Asat",20,40,2.33333333333333
"Asat_20","Asat",20,50,3.08142018007278
"Asat_20","Asat",20,60,3.79511274598529
"Asat_20","Asat",20,70,4.47463887877573
"Asat_20","Asat",20,80,5.12043513867886
"Asat_20","Asat",20,90,5.73313353432992
"Asat_20","Asat",20,100,6.31354298653609
"Asat_20","Asat",20,150,8.76893188301453
"Asat_20","Asat",20,200,10.5973423686795
"Asat_20","Asat",20,250,11.9591450363136
"Asat_20","Asat",20,300,12.9867584504365
"Asat_20","Asat",20,350,13.7770099918283
"Asat_20","Asat",20,400,14.3972282678438
"Asat_20","Asat",20,500,15.2981074416608
"Asat_20","Asat",20,600,15.9142613930082
"Asat_20","Asat",20,800,16.6939799568196
"Asat_20","Asat",20,1000,17.1630764293335
"Asat_20","Asat",20,1250,17.5371788700002
"Asat_20","Asat",20,1500,17.7853830277373
"Asat_20","Asat",20,1800,17.9912063215909
"Asat_22","Asat",22,0,-1
"Asat_22","Asat",22,10,-0.114842704696168
"Asat_22","Asat",22,20,0.740210023326541
"Asat_22","Asat",22,30,1.56463162896209
"Asat_22","Asat",22,40,2.35804164971631
"Asat_22","Asat",22,50,3.12021525458344
"Asat_22","Asat",22,60,3.85108900424273
"Asat_22","Asat",22,70,4.55076249301466
"Asat_22","Asat",22,80,5.21949577440863
"Asat_22","Asat",22,90,5.85770272391103
"Asat_22","Asat",22,100,6.46594072819988
"Asat_22","Asat",22,150,9.08529212117279
"Asat_22","Asat",22,200,11.0939569039013
"Asat_22","Asat",22,250,12.6275534249374
"Asat_22","Asat",22,300,13.8071712822143
"Asat_22","Asat",22,350,14.7272488603645
"Asat_22","Asat",22,400,15.4568355471726
"Asat_22","Asat",22,500,16.5271835514627
"Asat_22","Asat",22,600,17.2654832502518
"Asat_22","Asat",22,800,18.2054117470716
"Asat_22","Asat",22,1000,18.773078364287
"Asat_22","Asat",22,1250,19.2265229646344
"Asat_22","Asat",22,1500,19.52757142077
"Asat_22","Asat",22,1800,19.7772655313986
"Asat_24","Asat",24,0,-1
"Asat_24","Asat",24,10,-0.113597357981256
"Asat_24","Asat",24,20,0.745253734861588
"Asat_24","Asat",24,30,1.57609596445078
"Asat_24","Asat",24,40,2.37858312965142
"Asat_24","Asat",24,50,3.15248740273399
"Asat_24","Asat",24,60,3.89770421608734
"Asat_24","Asat",24,70,4.61425453414106
"Asat_24","Asat",24,80,5.30228439640779
"Asat_24","Asat",24,90,5.96206175469511
"Asat_24","Asat",24,100,6.59397076260562
"Asat_24","Asat",24,150,9.35592189159809
"Asat_24","Asat",24,200,11.5277949457558
"Asat_24","Asat",24,250,13.2232289120643
"Asat_24","Asat",24,300,14.5509740435763
"Asat_24","Asat",24,350,15.601011821649
"Asat_24","Asat",24,400,16.4423588078006
"Asat_24","Asat",24,500,17.6895632593499
"Asat_24","Asat",24,600,18.5577289299929
"Asat_24","Asat",24,800,19.6704121032347
"Asat_24","Asat",24,1000,20.3454006867188
"Asat_24","Asat",24,1250,20.8856298666344
"Asat_24","Asat",24,1500,21.2446146440003
"Asat_24","Asat",24,1800,21.5424596332847
"Asat_26","Asat",26,0,-1
"Asat_26","Asat",26,10,-0.112544755130567
"Asat_26","Asat",26,20,0.749513624199877
"Asat_26","Asat",26,30,1.58577487929771
"Asat_26","Asat",26,40,2.39592515527491
"Asat_26","Asat",26,50,3.17974258514195
"Asat_26","Asat",26,60,3.93710132857167
"Asat_26","Asat",26,70,4.66797389641738
"Asat_26","Asat",26,80,5.37243166175408
"Asat_26","Asat",26,90,6.05064353543224
"Asat_26","Asat",26,100,6.70287286304368
"Asat_26","Asat",26,150,9.58939758949459
"Asat_26","Asat",26,200,11.908627091726
"Asat_26","Asat",26,250,13.7552765163953
"Asat_26","Asat",26,300,15.2257567952175
"Asat_26","Asat",26,350,16.4042602646071
"Asat_26","Asat",26,400,17.3583427153712
"Asat_26","Asat",26,500,18.7878088309645
"Asat_26","Asat",26,600,19.7924424830966
"Asat_26","Asat",26,800,21.0894525286722
"Asat_26","Asat",26,1000,21.8801879294045
"Asat_26","Asat",26,1250,22.5145070378285
"Asat_26","Asat",26,1500,22.9364782224639
"Asat_26","Asat",26,1800,23.286742038933
"Asat_28","Asat",28,0,-1
"Asat_28","Asat",28,10,-0.111643373799711
"Asat_28","Asat",28,20,0.753159060931392
"Asat_28","Asat",28,30,1.59405443110492
"Asat_28","Asat",28,40,2.41075833739441
"Asat_28","Asat",28,50,3.20305919938895
"Asat_28","Asat",28,60,3.97082156309154
"Asat_28","Asat",28,70,4.7139882521019
"Asat_28","Asat",28,80,5.43258128357644
"Asat_28","Asat",28,90,6.12670151495796
"Asat_28","Asat",28,100,6.79652703461987
"Asat_28","Asat",28,150,9.79243287865436
"Asat_28","Asat",28,200,12.2446019097551
"Asat_28","Asat",28,250,14.2317608571366
"Asat_28","Asat",28,300,15.8386020111699
"Asat_28","Asat",28,350,17.142803050839
"Asat_28","Asat",28,400,18.2093762878141
"Asat_28","Asat",28,500,19.824653719474
"Asat_28","Asat",28,600,20.971231952524
"Asat_28","Asat",28,800,22.4631032983281
"Asat_28","Asat",28,1000,23.3776408922207
"Asat_28","Asat",28,1250,24.1131917413773
"Asat_28","Asat",28,1500,24.6031448891306
"Asat_28","Asat",28,1800,25.0100759503455
"Asat_30","Asat",30,0,-1
"Asat_30","Asat",30,10,-0.110862816885499
"Asat_30","Asat",30,20,0.756313936682758
"Asat_30","Asat",30,30,1.60121706858531
"Asat_30","Asat",30,40,2.42358854511099
"Asat_30","Asat",30,50,3.22322891206427
"Asat_30","Asat",30,60,4
"Asat_30","Asat",30,70,4.75382682948212
"Asat_30","Asat",30,80,5.48469865573747
"Asat_30","Asat",30,90,6.19266911897793
"Asat_30","Asat",30,100,6.87785549550974
"Asat_30","Asat",30,150,9.97031447980415
"Asat_30","Asat",30,200,12.5424868893541
"Asat_30","Asat",30,250,14.6597436821947
"Asat_30","Asat",30,300,16.3960135530193
"Asat_30","Asat",30,350,17.8221955723179
"Asat_30","Asat",30,400,19
"Asat_30","Asat",30,500,20.8029485097507
"Asat_30","Asat",30,600,22.0958424017657
"Asat_30","Asat",30,800,23.7920271060385
"Asat_30","Asat",30,1000,24.8380151290434
"Asat_30","Asat",30,1250,25.6817508583985
"Asat_30","Asat",30,1500,26.2446146440003
"Asat_30","Asat",30,1800,26.7124344467705
"Asat_32","Asat",32,0,-1
"Asat_32","Asat",32,10,-0.110180321075978
"Asat_32","Asat",32,20,0.759070958024216
"Asat_32","Asat",32,30,1.60747414558934
"Asat_32","Asat",32,40,2.4347946192677
"Asat_32","Asat",32,50,3.2408455503939
"Asat_32","Asat",32,60,4.02549012254166
"Asat_32","Asat",32,70,4.78864318399368
"Asat_32","Asat",32,80,5.53027228811645
"Asat_32","Asat",32,90,6.2503980922002
"Asat_32","Asat",32,100,6.94909410338173
"Asat_32","Asat",32,150,10.1272357075905
"Asat_32","Asat",32,200,12.8078958554641
"Asat_32","Asat",32,250,15.0453607523715
"Asat_32","Asat",32,300,16.903891500167
"Asat_32","Asat",32,350,18.4476718937263
"Asat_32","Asat",32,400,19.7346320581017
"Asat_32","Asat",32,500,21.7256108028121
"Asat_32","Asat",32,600,23.1681286774705
"Asat_32","Asat",32,800,25.0769719066573
"Asat_32","Asat",32,1000,26.2616190481676
"Asat_32","Asat",32,1250,27.2202805601
"Asat_32","Asat",32,1500,27.8609047541033
"Asat_32","Asat",32,1800,28.3938005485126
"Asat_34","Asat",34,0,-1
"Asat_34","Asat",34,10,-0.109578502406119
"Asat_34","Asat",34,20,0.761500871276678
"Asat_34","Asat",34,30,1.61298693258639
"Asat_34","Asat",34,40,2.44466578219748
"Asat_34","Asat",34,50,3.25636300277492
"Asat_34","Asat",34,60,4.04794548688106
"Asat_34","Asat",34,70,4.81932285613862
"Asat_34","Asat",34,80,5.57044843680686
"Asat_34","Asat",34,90,6.30131976739867
"Asat_34","Asat",34,100,7.0119786255234
"Asat_34","Asat",34,150,10.2665489506076
"Asat_34","Asat",34,200,13.0454898180149
"Asat_34","Asat",34,250,15.3939169527995
"Asat_34","Asat",34,300,17.3675393683341
"Asat_34","Asat",34,350,19.0241047861308
"Asat_34","Asat",34,400,20.4175131775007
"Asat_34","Asat",34,500,22.5955803417527
"Asat_34","Asat",34,600,24.1900287336512
"Asat_34","Asat",34,800,26.3187631244252
"Asat_34","Asat",34,1000,27.6488116586397
"Asat_34","Asat",34,1250,28.7289058391532
"Asat_34","Asat",34,1500,29.452049694404
"Asat_34","Asat",34,1800,30.0541672572737
"Asat_36","Asat",36,0,-1
"Asat_36","Asat",36,10,-0.109043856091574
"Asat_36","Asat",36,20,0.763658597601486
"Asat_36","Asat",36,30,1.61788060229238
"Asat_36","Asat",36,40,2.45342659461169
"Asat_36","Asat",36,50,3.27013398944968
"Asat_36","Asat",36,60,4.06787469447712
"Asat_36","Asat",36,70,4.84655632413101
"Asat_36","Asat",36,80,5.60612308660186
"Asat_36","Asat",36,90,6.34655632413101
"Asat_36","Asat",36,100,7.06787469447712
"Asat_36","Asat",36,150,10.3909561439084
"Asat_36","Asat",36,200,13.2591477021212
"Asat_36","Asat",36,250,15.7099859550593
"Asat_36","Asat",36,300,17.7916924186337
"Asat_36","Asat",36,350,19.5559878971276
"Asat_36","Asat",36,400,21.0526680779794
"Asat_36","Asat",36,500,23.4157801509648
"Asat_36","Asat",36,600,25.1635382117009
"Asat_36","Asat",36,800,27.5182954042424
"Asat_36","Asat",36,1000,29
"Asat_36","Asat",36,1250,30.207779905602
"Asat_36","Asat",36,1500,31.0181010300782
"Asat_36","Asat",36,1800,31.6935375728003
"Asat_38","Asat",38,0,-1
"Asat_38","Asat",38,10,-0.108565731807067
"Asat_38","Asat",38,20,0.76558742123662
"Asat_38","Asat",38,30,1.622253782291
"Asat_38","Asat",38,40,2.4612540307508
"Asat_38","Asat",38,50,3.28243666530358
"Asat_38","Asat",38,60,4.08567926636392
"Asat_38","Asat",38,70,4.8708895338942
"Asat_38","Asat",38,80,5.63800608039937
"Asat_38","Asat",38,90,6.38699896335766
"Asat_38","Asat",38,100,7.11786994637849
"Asat_38","Asat",38,150,10.5026526318799
"Asat_38","Asat",38,200,13.4521081910678
"Asat_38","Asat",38,250,15.9975063274574
"Asat_38","Asat",38,300,18.1805583123816
"Asat_38","Asat",38,350,20.0474345377251
"Asat_38","Asat",38,400,21.6438812999379
"Asat_38","Asat",38,500,24.1890839934708
"Asat_38","Asat",38,600,26.0906868197915
"Asat_38","Asat",38,800,28.6765240811089
"Asat_38","Asat",38,1000,30.3156362969512
"Asat_38","Asat",38,1250,31.6570834540531
"Asat_38","Asat",38,1500,32.5591272411023
"Asat_38","Asat",38,1800,33.3119244857468
"Asat_40","Asat",40,0,-1
"Asat_40","Asat",40,10,-0.108135617454476
"Asat_40","Asat",40,20,0.767321915094347
"Asat_40","Asat",40,30,1.62618522990801
"Asat_40","Asat",40,40,2.46828942478041
"Asat_40","Asat",40,50,3.29349327408463
"Asat_40","Asat",40,60,4.10168028752596
"Asat_40","Asat",40,70,4.89275959852239
"Asat_40","Asat",40,80,5.66666666666667
"Asat_40","Asat",40,90,6.42336378173835
"Asat_40","Asat",40,100,7.16284036014557
"Asat_40","Asat",40,150,10.6034362578252
"Asat_40","Asat",40,200,13.6270859730722
"Asat_40","Asat",40,250,16.2598698193301
"Asat_40","Asat",40,300,18.5378637660291
"Asat_40","Asat",40,350,20.5021882466751
"Asat_40","Asat",40,400,22.194684737359
"Asat_40","Asat",40,500,24.9182900726271
"Asat_40","Asat",40,600,26.9735169008729
"Asat_40","Asat",40,800,29.7944565356876
"Asat_40","Asat",40,1000,31.5962148833216
"Asat_40","Asat",40,1250,33.0770238102095
"Asat_40","Asat",40,1500,34.0752134905376
"Asat_40","Asat",40,1800,34.9093509467916
"Rd_0.5","Rd",0.5,0,-0.5
"Rd_0.5","Rd",0.5,10,0.391434268192933
"Rd_0.5","Rd",0.5,20,1.26558742123662
"Rd_0.5","Rd",0.5,30,2.122253782291
"Rd_0.5","Rd",0.5,40,2.9612540307508
"Rd_0.5","Rd",0.5,50,3.78243666530358
"Rd_0.5","Rd",0.5,60,4.58567926636392
"Rd_0.5","Rd",0.5,70,5.3708895338942
"Rd_0.5","Rd",0.5,80,6.13800608039937
"Rd_0.5","Rd",0.5,90,6.88699896335766
"Rd_0.5","Rd",0.5,100,7.61786994637849
"Rd_0.5","Rd",0.5,150,11.0026526318799
"Rd_0.5","Rd",0.5,200,13.9521081910678
"Rd_0.5","Rd",0.5,250,16.4975063274574
"Rd_0.5","Rd",0.5,300,18.6805583123816
"Rd_0.5","Rd",0.5,350,20.5474345377251
"Rd_0.5","Rd",0.5,400,22.1438812999379
"Rd_0.5","Rd",0.5,500,24.6890839934708
"Rd_0.5","Rd",0.5,600,26.5906868197915
"Rd_0.5","Rd",0.5,800,29.1765240811089
"Rd_0.5","Rd",0.5,1000,30.8156362969512
"Rd_0.5","Rd",0.5,1250,32.1570834540531
"Rd_0.5","Rd",0.5,1500,33.0591272411023
"Rd_0.5","Rd",0.5,1800,33.8119244857468
"Rd_0.6","Rd",0.6,0,-0.6
"Rd_0.6","Rd",0.6,10,0.291434268192933
"Rd_0.6","Rd",0.6,20,1.16558742123662
"Rd_0.6","Rd",0.6,30,2.022253782291
"Rd_0.6","Rd",0.6,40,2.8612540307508
"Rd_0.6","Rd",0.6,50,3.68243666530358
"Rd_0.6","Rd",0.6,60,4.48567926636392
"Rd_0.6","Rd",0.6,70,5.2708895338942
"Rd_0.6","Rd",0.6,80,6.03800608039937
"Rd_0.6","Rd",0.6,90,6.78699896335766
"Rd_0.6","Rd",0.6,100,7.51786994637849
"Rd_0.6","Rd",0.6,150,10.9026526318799
"Rd_0.6","Rd",0.6,200,13.8521081910678
"Rd_0.6","Rd",0.6,250,16.3975063274574
"Rd_0.6","Rd",0.6,300,18.5805583123816
"Rd_0.6","Rd",0.6,350,20.4474345377251
"Rd_0.6","Rd",0.6,400,22.0438812999379
"Rd_0.6","Rd",0.6,500,24.5890839934708
"Rd_0.6","Rd",0.6,600,26.4906868197914
"Rd_0.6","Rd",0.6,800,29.0765240811089
"Rd_0.6","Rd",0.6,1000,30.7156362969512
"Rd_0.6","Rd",0.6,1250,32.0570834540531
"Rd_0.6","Rd",0.6,1500,32.9591272411023
"Rd_0.6","Rd",0.6,1800,33.7119244857468
"Rd_0.7","Rd",0.7,0,-0.7
"Rd_0.7","Rd",0.7,10,0.191434268192934
"Rd_0.7","Rd",0.7,20,1.06558742123662
"Rd_0.7","Rd",0.7,30,1.922253782291
"Rd_0.7","Rd",0.7,40,2.7612540307508
"Rd_0.7","Rd",0.7,50,3.58243666530358
"Rd_0.7","Rd",0.7,60,4.38567926636392
"Rd_0.7","Rd",0.7,70,5.1708895338942
"Rd_0.7","Rd",0.7,80,5.93800608039937
"Rd_0.7","Rd",0.7,90,6.68699896335766
"Rd_0.7","Rd",0.7,100,7.41786994637849
"Rd_0.7","Rd",0.7,150,10.8026526318799
"Rd_0.7","Rd",0.7,200,13.7521081910678
"Rd_0.7","Rd",0.7,250,16.2975063274574
"Rd_0.7","Rd",0.7,300,18.4805583123816
"Rd_0.7","Rd",0.7,350,20.3474345377251
"Rd_0.7","Rd",0.7,400,21.9438812999379
"Rd_0.7","Rd",0.7,500,24.4890839934708
"Rd_0.7","Rd",0.7,600,26.3906868197915
"Rd_0.7","Rd",0.7,800,28.9765240811089
"Rd_0.7","Rd",0.7,1000,30.6156362969512
"Rd_0.7","Rd",0.7,1250,31.9570834540531
"Rd_0.7","Rd",0.7,1500,32.8591272411023
"Rd_0.7","Rd",0.7,1800,33.6119244857468
"Rd_0.8","Rd",0.8,0,-0.8
"Rd_0.8","Rd",0.8,10,0.0914342681929334
"Rd_0.8","Rd",0.8,20,0.96558742123662
"Rd_0.8","Rd",0.8,30,1.822253782291
"Rd_0.8","Rd",0.8,40,2.6612540307508
"Rd_0.8","Rd",0.8,50,3.48243666530358
"Rd_0.8","Rd",0.8,60,4.28567926636392
"Rd_0.8","Rd",0.8,70,5.0708895338942
"Rd_0.8","Rd",0.8,80,5.83800608039937
"Rd_0.8","Rd",0.8,90,6.58699896335766
"Rd_0.8","Rd",0.8,100,7.31786994637849
"Rd_0.8","Rd",0.8,150,10.7026526318799
"Rd_0.8","Rd",0.8,200,13.6521081910678
"Rd_0.8","Rd",0.8,250,16.1975063274574
"Rd_0.8","Rd",0.8,300,18.3805583123816
"Rd_0.8","Rd",0.8,350,20.2474345377251
"Rd_0.8","Rd",0.8,400,21.8438812999379
"Rd_0.8","Rd",0.8,500,24.3890839934708
"Rd_0.8","Rd",0.8,600,26.2906868197914
"Rd_0.8","Rd",0.8,800,28.8765240811089
"Rd_0.8","Rd",0.8,1000,30.5156362969512
"Rd_0.8","Rd",0.8,1250,31.8570834540531
"Rd_0.8","Rd",0.8,1500,32.7591272411023
"Rd_0.8","Rd",0.8,1800,33.5119244857468
"Rd_0.9","Rd",0.9,0,-0.9
"Rd_0.9","Rd",0.9,10,-0.00856573180706655
"Rd_0.9","Rd",0.9,20,0.86558742123662
"Rd_0.9","Rd",0.9,30,1.722253782291
"Rd_0.9","Rd",0.9,40,2.5612540307508
"Rd_0.9","Rd",0.9,50,3.38243666530358
"Rd_0.9","Rd",0.9,60,4.18567926636392
"Rd_0.9","Rd",0.9,70,4.9708895338942
"Rd_0.9","Rd",0.9,80,5.73800608039937
"Rd_0.9","Rd",0.9,90,6.48699896335766
"Rd_0.9","Rd",0.9,100,7.21786994637849
"Rd_0.9","Rd",0.9,150,10.6026526318799
"Rd_0.9","Rd",0.9,200,13.5521081910678
"Rd_0.9","Rd",0.9,250,16.0975063274574
"Rd_0.9","Rd",0.9,300,18.2805583123816
"Rd_0.9","Rd",0.9,350,20.1474345377251
"Rd_0.9","Rd",0.9,400,21.7438812999379
"Rd_0.9","Rd",0.9,500,24.2890839934708
"Rd_0.9","Rd",0.9,600,26.1906868197915
"Rd_0.9","Rd",0.9,800,28.7765240811089
"Rd_0.9","Rd",0.9,1000,30.4156362969512
"Rd_0.9","Rd",0.9,1250,31.7570834540531
"Rd_0.9","Rd",0.9,1500,32.6591272411023
"Rd_0.9","Rd",0.9,1800,33.4119244857468
"Rd_1","Rd",1,0,-1
"Rd_1","Rd",1,10,-0.108565731807067
"Rd_1","Rd",1,20,0.76558742123662
"Rd_1","Rd",1,30,1.622253782291
"Rd_1","Rd",1,40,2.4612540307508
"Rd_1","Rd",1,50,3.28243666530358
"Rd_1","Rd",1,60,4.08567926636392
"Rd_1","Rd",1,70,4.8708895338942
"Rd_1","Rd",1,80,5.63800608039937
"Rd_1","Rd",1,90,6.38699896335766
"Rd_1","Rd",1,100,7.11786994637849
"Rd_1","Rd",1,150,10.5026526318799
"Rd_1","Rd",1,200,13.4521081910678
"Rd_1","Rd",1,250,15.9975063274574
"Rd_1","Rd",1,300,18.1805583123816
"Rd_1","Rd",1,350,20.0474345377251
"Rd_1","Rd",1,400,21.6438812999379
"Rd_1","Rd",1,500,24.1890839934708
"Rd_1","Rd",1,600,26.0906868197915
"Rd_1","Rd",1,800,28.6765240811089
"Rd_1","Rd",1,1000,30.3156362969512
"Rd_1","Rd",1,1250,31.6570834540531
"Rd_1","Rd",1,1500,32.5591272411023
"Rd_1","Rd",1,1800,33.3119244857468
"Rd_1.1","Rd",1.1,0,-1.1
"Rd_1.1","Rd",1.1,10,-0.208565731807067
"Rd_1.1","Rd",1.1,20,0.66558742123662
"Rd_1.1","Rd",1.1,30,1.522253782291
"Rd_1.1","Rd",1.1,40,2.3612540307508
"Rd_1.1","Rd",1.1,50,3.18243666530358
"Rd_1.1","Rd",1.1,60,3.98567926636392
"Rd_1.1","Rd",1.1,70,4.7708895338942
"Rd_1.1","Rd",1.1,80,5.53800608039937
"Rd_1.1","Rd",1.1,90,6.28699896335766
"Rd_1.1","Rd",1.1,100,7.01786994637849
"Rd_1.1","Rd",1.1,150,10.4026526318799
"Rd_1.1","Rd",1.1,200,13.3521081910678
"Rd_1.1","Rd",1.1,250,15.8975063274574
"Rd_1.1","Rd",1.1,300,18.0805583123816
"Rd_1.1","Rd",1.1,350,19.9474345377251
"Rd_1.1","Rd",1.1,400,21.5438812999379
"Rd_1.1","Rd",1.1,500,24.0890839934708
"Rd_1.1","Rd",1.1,600,25.9906868197914
"Rd_1.1","Rd",1.1,800,28.5765240811089
"Rd_1.1","Rd",1.1,1000,30.2156362969512
"Rd_1.1","Rd",1.1,1250,31.5570834540531
"Rd_1.1","Rd",1.1,1500,32.4591272411023
"Rd_1.1","Rd",1.1,1800,33.2119244857468
"Rd_1.2","Rd",1.2,0,-1.2
"Rd_1.2","Rd",1.2,10,-0.308565731807067
"Rd_1.2","Rd",1.2,20,0.56558742123662
"Rd_1.2","Rd",1.2,30,1.422253782291
"Rd_1.2","Rd",1.2,40,2.2612540307508
"Rd_1.2","Rd",1.2,50,3.08243666530358
"Rd_1.2","Rd",1.2,60,3.88567926636392
"Rd_1.2","Rd",1.2,70,4.6708895338942
"Rd_1.2","Rd",1.2,80,5.43800608039937
"Rd_1.2","Rd",1.2,90,6.18699896335766
"Rd_1.2","Rd",1.2,100,6.91786994637849
"Rd_1.2","Rd",1.2,150,10.3026526318799
"Rd_1.2","Rd",1.2,200,13.2521081910678
"Rd_1.2","Rd",1.2,250,15.7975063274574
"Rd_1.2","Rd",1.2,300,17.9805583123816
"Rd_1.2","Rd",1.2,350,19.8474345377251
"Rd_1.2","Rd",1.2,400,21.4438812999379
"Rd_1.2","Rd",1.2,500,23.9890839934708
"Rd_1.2","Rd",1.2,600,25.8906868197915
"Rd_1.2","Rd",1.2,800,28.4765240811089
"Rd_1.2","Rd",1.2,1000,30.1156362969512
"Rd_1.2","Rd",1.2,1250,31.4570834540531
"Rd_1.2","Rd",1.2,1500,32.3591272411023
"Rd_1.2","Rd",1.2,1800,33.1119244857468
"Rd_1.3","Rd",1.3,0,-1.3
"Rd_1.3","Rd",1.3,10,-0.408565731807067
"Rd_1.3","Rd",1.3,20,0.46558742123662
"Rd_1.3","Rd",1.3,30,1.322253782291
"Rd_1.3","Rd",1.3,40,2.1612540307508
"Rd_1.3","Rd",1.3,50,2.98243666530358
"Rd_1.3","Rd",1.3,60,3.78567926636392
"Rd_1.3","Rd",1.3,70,4.5708895338942
"Rd_1.3","Rd",1.3,80,5.33800608039937
"Rd_1.3","Rd",1.3,90,6.08699896335766
"Rd_1.3","Rd",1.3,100,6.81786994637849
"Rd_1.3","Rd",1.3,150,10.2026526318799
"Rd_1.3","Rd",1.3,200,13.1521081910678
"Rd_1.3","Rd",1.3,250,15.6975063274574
"Rd_1.3","Rd",1.3,300,17.8805583123816
"Rd_1.3","Rd",1.3,350,19.7474345377251
"Rd_1.3","Rd",1.3,400,21.3438812999379
"Rd_1.3","Rd",1.3,500,23.8890839934708
"Rd_1.3","Rd",1.3,600,25.7906868197914
"Rd_1.3","Rd",1.3,800,28.3765240811089
"Rd_1.3","Rd",1.3,1000,30.0156362969512
"Rd_1.3","Rd",1.3,1250,31.3570834540531
"Rd_1.3","Rd",1.3,1500,32.2591272411023
"Rd_1.3","Rd",1.3,1800,33.0119244857468
"Rd_1.4","Rd",1.4,0,-1.4
"Rd_1.4","Rd",1.4,10,-0.508565731807066
"Rd_1.4","Rd",1.4,20,0.365587421236621
"Rd_1.4","Rd",1.4,30,1.222253782291
"Rd_1.4","Rd",1.4,40,2.0612540307508
"Rd_1.4","Rd",1.4,50,2.88243666530358
"Rd_1.4","Rd",1.4,60,3.68567926636392
"Rd_1.4","Rd",1.4,70,4.4708895338942
"Rd_1.4","Rd",1.4,80,5.23800608039937
"Rd_1.4","Rd",1.4,90,5.98699896335766
"Rd_1.4","Rd",1.4,100,6.71786994637849
"Rd_1.4","Rd",1.4,150,10.1026526318799
"Rd_1.4","Rd",1.4,200,13.0521081910678
"Rd_1.4","Rd",1.4,250,15.5975063274574
"Rd_1.4","Rd",1.4,300,17.7805583123816
"Rd_1.4","Rd",1.4,350,19.6474345377251
"Rd_1.4","Rd",1.4,400,21.2438812999379
"Rd_1.4","Rd",1.4,500,23.7890839934708
"Rd_1.4","Rd",1.4,600,25.6906868197915
"Rd_1.4","Rd",1.4,800,28.2765240811089
"Rd_1.4","Rd",1.4,1000,29.9156362969512
"Rd_1.4","Rd",1.4,1250,31.2570834540531
"Rd_1.4","Rd",1.4,1500,32.1591272411023
"Rd_1.4","Rd",1.4,1800,32.9119244857468
